{"ServerStampedChecksum":"C8_n1jkxJEGwnWtOhvzp2MWo9CUYvD1JF2hXPiwu\u002BoOZsI=","ServerPerFileChecksums":{"AppCheckerResult.sarif":"C8_QMkIzjkdDtD8z3mNsbSQFcTYDi4eC3fF85BAKMZL4f8=","Assets\\Images\\0733555d-aef6-4fd2-b8e4-74aaedc57907.png":"C8_BvFNVKlTse9X38qSGsrMrXcZ88J84INbh/\u002BEekEO6NU=","Assets\\Images\\0f43a5d3-280b-4856-aaf5-1b75abde2331.png":"C8_Tui5/mI6kVq\u002BZKcMyuLaBELRyXvCmN38Jz1xfR8ZCQQ=","Assets\\Images\\0fc7e920-0ee3-4fe9-84f1-ce49cf4cd484.png":"C8_Eu7yXRqhO3pVNHILg7qFFphCxPQoumNQB\u002BMLLcxF6yk=","Assets\\Images\\177cca72-1849-469c-8aa8-d283e66c8b11.png":"C8_qDE/flu6KwcEGMAm\u002BGRK5eV1ZWCN6B7Zla76jHKsdAw=","Assets\\Images\\3171a107-3b17-49f6-a68b-d1f97ff242b2.png":"C8_SKkvsY1teGzbjKKzcJXOo7Es0VVBRSuY9BfWADOq1IE=","Assets\\Images\\695025ae-bccd-43fc-bd76-1f97e80cf1f5.png":"C8_jQgIwx2U0YyfGEb\u002BmXpiA9BcygmH6YmHSx5o6ynULNY=","Assets\\Images\\6a4e8fcd-e9e7-4331-b09e-4812874a5ceb.png":"C8_nsRqxvieuk1JDSO09dFREFLTdc/sSsx0G00fHiibHkg=","Assets\\Images\\766b3055-b4dc-4e30-a7ed-d612863fd19d.png":"C8_4Q7fEMgcXaKpeyiFGV0KGGL\u002BA3avo7aEqutrZFIQTGQ=","Assets\\Images\\b2a47ce1-f8d8-46ee-b15f-13de96ae786f.png":"C8_Rs/HyBBkIYukqLZqws/DxrzhwC5NPiiSXEnyhq7Uqmc=","Assets\\Images\\b7aaf467-3a1d-4704-b519-bd45565ee52d.png":"C8_FCN\u002B5zNRzcDkRVNF2/7iFjxn86Wl3ahtiPBJL/YXbV4=","Assets\\Images\\cd258fe1-2381-45c7-9ab5-777a8ef92114.png":"C8_yw9S510u0z16sBcNRfqWq3i10o5q\u002BwctaJJFqDBY/Xo=","Assets\\Images\\cdb25267-c0d9-4abd-978b-9bae7c82617e.png":"C8_KFnwDk8P2TGpcQCBxlJsFwfZu6qe9FDXZmv0s20GfIA=","Assets\\Images\\d5a70a92-a9f8-4dd2-a62b-0fd4e4784037.png":"C8_Eu7yXRqhO3pVNHILg7qFFphCxPQoumNQB\u002BMLLcxF6yk=","Assets\\Images\\e39b9a76-1622-45ac-85e7-878a2258c7ec.png":"C8_SKkvsY1teGzbjKKzcJXOo7Es0VVBRSuY9BfWADOq1IE=","Assets\\Images\\fc99537b-03b5-4ce0-a855-665e086144f5.png":"C8_L7ZD6UIW3H17s2xesxl8b7nTdZI4bBNkm2AsyzuHAf0=","Controls\\1.json":"C8_Fvn98utdGKY6ZOh7LfgIvqJnh4hvZUJGncuNJuYjlYk=","Controls\\12.json":"C8_cSMm6xkoTPeql4ip19KVqAiq/tf5bg\u002BNmwGl92mhMr8=","Controls\\17.json":"C8_Lo4HgDogp3wQ47584ivncensyV6vdv4cJcYRc1TaJmw=","Controls\\23.json":"C8_WJXmfn0Paf9qwQlyVWaLuu2eCH57mR6dt4MaNXYBUyw=","Controls\\3.json":"C8_gBuRSFYPyfVyOJeZz2zSSw2I3HlevRLqZSBPceEzO4o=","Controls\\34.json":"C8_u0D7tgUeQYrU4qCCNDLco3cozhVTCs9TskiXNxjQN0M=","Controls\\42.json":"C8_Bfk0\u002BOPlECPuImkMwKhK37p3vYQXYxoAEScANlhUPTc=","Controls\\63.json":"C8_gOb0HGXJuq5HYYYQEYoh1JVoEBHk\u002BSFSIZWvzt6FNYw=","Controls\\65.json":"C8_lVEQLoNuj84t2grBfEMx5jtXbwe\u002B83IG7lGoamRjBGk=","Controls\\72.json":"C8_Z8ZLDeE6FKIsd3o0afm2B9rSI2pJoNN\u002BmUsRQd4yWLw=","Header.json":"C8_QxNiNBwX7c2JUprjxoDWQh8GNMJFnlgLCV8hE5H8d1U=","Properties.json":"C8_ea34JkPUXebDL9SrWUXerFTmDn29aOQ23gcsKWKYsAs=","References\\DataSources.json":"C8_PleEcIwWAmEZFKaaNInrpBmxuC7Wa4v/j8ueOi65tIc=","References\\Resources.json":"C8_luomZRXbTGLFdx7lTw76V2WtfZ454hdIh80xQQJlbFY=","References\\Templates.json":"C8_dgsvPe8V1B49Gd9mBf3a8Iplnb9bEWOk\u002Bokr\u002BnqMuTk=","References\\Themes.json":"C8_ICevVr7hFBimNEmK/6NDb4YE2H0Ri8BUiWgASaENw7U=","Resources\\PublishInfo.json":"C8_sljAfjAawYrBLpvH/UMlyqveG0CWxxGO90Rs/Tzgoss="}}