{"TopParent":{"Type":"ControlInfo","Name":"precificar_section","Template":{"Id":"http://microsoft.com/appmagic/screen","Version":"1.0","LastModifiedTimestamp":"0","Name":"screen","FirstParty":true,"IsPremiumPcfControl":false,"IsCustomGroupControlTemplate":false,"CustomGroupControlTemplateName":"","IsComponentDefinition":false,"OverridableProperties":{}},"Index":4.0,"PublishOrderIndex":0,"VariantName":"","LayoutName":"","MetaDataIDKey":"","PersistMetaDataIDKey":false,"IsFromScreenLayout":false,"StyleName":"defaultScreenStyle","Parent":"","IsDataControl":false,"AllowAccessToGlobals":true,"IsGroupControl":false,"IsAutoGenerated":false,"Rules":[{"Property":"BackgroundImage","Category":"Data","InvariantScript":"'Texto do seu parágrafo (3)'","RuleProviderType":"Unknown"},{"Property":"Height","Category":"Design","InvariantScript":"Max(App.Height, App.MinScreenHeight)","RuleProviderType":"Unknown"},{"Property":"Fill","Category":"Design","InvariantScript":"White","RuleProviderType":"Unknown"},{"Property":"ImagePosition","Category":"Design","InvariantScript":"ImagePosition.Stretch","RuleProviderType":"Unknown"},{"Property":"Width","Category":"Design","InvariantScript":"Max(App.Width, App.MinScreenWidth)","RuleProviderType":"Unknown"},{"Property":"Size","Category":"Design","InvariantScript":"1 + CountRows(App.SizeBreakpoints) - CountIf(App.SizeBreakpoints, Value >= Self.Width)","RuleProviderType":"Unknown"},{"Property":"Orientation","Category":"Design","InvariantScript":"If(Self.Width < Self.Height, Layout.Vertical, Layout.Horizontal)","RuleProviderType":"Unknown"},{"Property":"LoadingSpinner","Category":"Design","InvariantScript":"LoadingSpinner.None","RuleProviderType":"Unknown"},{"Property":"LoadingSpinnerColor","Category":"Design","InvariantScript":"RGBA(56, 96, 178, 1)","RuleProviderType":"Unknown"}],"ControlPropertyState":["Fill",{"InvariantPropertyName":"ImagePosition","AutoRuleBindingEnabled":false,"AutoRuleBindingString":"","NameMapSourceSchema":"?","IsLockable":false,"AFDDataSourceName":""},"Height","Width","Size","Orientation","LoadingSpinner","LoadingSpinnerColor",{"InvariantPropertyName":"BackgroundImage","AutoRuleBindingEnabled":false,"AutoRuleBindingString":"","NameMapSourceSchema":"?","IsLockable":false,"AFDDataSourceName":""}],"IsLocked":false,"ControlUniqueId":"34","Children":[{"Type":"ControlInfo","Name":"Icon8","HasDynamicProperties":false,"Template":{"Id":"http://microsoft.com/appmagic/icon","Version":"2.5.0","LastModifiedTimestamp":"0","Name":"icon","FirstParty":true,"IsPremiumPcfControl":false,"IsCustomGroupControlTemplate":false,"CustomGroupControlTemplateName":"","IsComponentDefinition":false,"OverridableProperties":{}},"Index":0.0,"PublishOrderIndex":29,"VariantName":"Home","LayoutName":"","MetaDataIDKey":"","PersistMetaDataIDKey":false,"IsFromScreenLayout":false,"StyleName":"defaultIconStyle","Parent":"precificar_section","IsDataControl":false,"AllowAccessToGlobals":true,"IsGroupControl":false,"IsAutoGenerated":false,"Rules":[{"Property":"Icon","Category":"Design","InvariantScript":"Icon.Home","RuleProviderType":"Unknown"},{"Property":"Color","Category":"Design","InvariantScript":"RGBA(0, 0, 0, 1)","RuleProviderType":"Unknown"},{"Property":"DisabledColor","Category":"Design","InvariantScript":"RGBA(244, 244, 244, 1)","RuleProviderType":"Unknown"},{"Property":"PressedColor","Category":"Design","InvariantScript":"ColorFade(Self.Color, -20%)","RuleProviderType":"Unknown"},{"Property":"HoverColor","Category":"Design","InvariantScript":"ColorFade(Self.Color, 20%)","RuleProviderType":"Unknown"},{"Property":"Fill","Category":"Design","InvariantScript":"RGBA(0, 0, 0, 0)","RuleProviderType":"Unknown"},{"Property":"DisabledFill","Category":"Design","InvariantScript":"Self.Fill","RuleProviderType":"Unknown"},{"Property":"PressedFill","Category":"Design","InvariantScript":"Self.Fill","RuleProviderType":"Unknown"},{"Property":"HoverFill","Category":"Design","InvariantScript":"Self.Fill","RuleProviderType":"Unknown"},{"Property":"DisplayMode","Category":"Design","InvariantScript":"DisplayMode.Edit","RuleProviderType":"Unknown"},{"Property":"X","Category":"Design","InvariantScript":"40","RuleProviderType":"Unknown"},{"Property":"Y","Category":"Design","InvariantScript":"40","RuleProviderType":"Unknown"},{"Property":"Width","Category":"Design","InvariantScript":"64","RuleProviderType":"Unknown"},{"Property":"Height","Category":"Design","InvariantScript":"64","RuleProviderType":"Unknown"},{"Property":"BorderStyle","Category":"Design","InvariantScript":"BorderStyle.Solid","RuleProviderType":"Unknown"},{"Property":"BorderColor","Category":"Design","InvariantScript":"RGBA(0, 18, 107, 1)","RuleProviderType":"Unknown"},{"Property":"DisabledBorderColor","Category":"Design","InvariantScript":"RGBA(166, 166, 166, 1)","RuleProviderType":"Unknown"},{"Property":"PressedBorderColor","Category":"Design","InvariantScript":"ColorFade(Self.BorderColor, -20%)","RuleProviderType":"Unknown"},{"Property":"HoverBorderColor","Category":"Design","InvariantScript":"ColorFade(Self.BorderColor, 20%)","RuleProviderType":"Unknown"},{"Property":"FocusedBorderColor","Category":"Design","InvariantScript":"Self.BorderColor","RuleProviderType":"Unknown"},{"Property":"ZIndex","Category":"Design","InvariantScript":"2","RuleProviderType":"Unknown"},{"Property":"BorderThickness","Category":"Design","InvariantScript":"0","RuleProviderType":"Unknown"},{"Property":"FocusedBorderThickness","Category":"Design","InvariantScript":"2","RuleProviderType":"Unknown"},{"Property":"OnSelect","Category":"Behavior","InvariantScript":"Navigate(home_app)\r\n","RuleProviderType":"Unknown"}],"ControlPropertyState":["Icon",{"InvariantPropertyName":"Color","AutoRuleBindingEnabled":false,"AutoRuleBindingString":"","NameMapSourceSchema":"?","IsLockable":false,"AFDDataSourceName":""},"DisabledColor","PressedColor","HoverColor","Fill","DisabledFill","PressedFill","HoverFill","DisplayMode","X","Y","Width","Height","BorderStyle","BorderColor","DisabledBorderColor","PressedBorderColor","HoverBorderColor","FocusedBorderColor","ZIndex","BorderThickness","FocusedBorderThickness",{"InvariantPropertyName":"OnSelect","AutoRuleBindingEnabled":false,"AutoRuleBindingString":"false","NameMapSourceSchema":"?","IsLockable":false,"AFDDataSourceName":""}],"IsLocked":false,"ControlUniqueId":"35","Children":[]},{"Type":"ControlInfo","Name":"Icon1_1","HasDynamicProperties":false,"Template":{"Id":"http://microsoft.com/appmagic/icon","Version":"2.5.0","LastModifiedTimestamp":"0","Name":"icon","FirstParty":true,"IsPremiumPcfControl":false,"IsCustomGroupControlTemplate":false,"CustomGroupControlTemplateName":"","IsComponentDefinition":false,"OverridableProperties":{}},"Index":0.0,"PublishOrderIndex":30,"VariantName":"Money","LayoutName":"","MetaDataIDKey":"","PersistMetaDataIDKey":false,"IsFromScreenLayout":false,"StyleName":"defaultIconStyle","Parent":"precificar_section","IsDataControl":false,"AllowAccessToGlobals":true,"IsGroupControl":false,"IsAutoGenerated":false,"Rules":[{"Property":"Icon","Category":"Design","InvariantScript":"Icon.Money","RuleProviderType":"Unknown"},{"Property":"Color","Category":"Design","InvariantScript":"RGBA(109, 49, 162, 1)","RuleProviderType":"Unknown"},{"Property":"DisabledColor","Category":"Design","InvariantScript":"RGBA(109, 49, 162, 1)","RuleProviderType":"Unknown"},{"Property":"PressedColor","Category":"Design","InvariantScript":"ColorFade(Self.Color, -20%)","RuleProviderType":"Unknown"},{"Property":"HoverColor","Category":"Design","InvariantScript":"ColorFade(Self.Color, 20%)","RuleProviderType":"Unknown"},{"Property":"Fill","Category":"Design","InvariantScript":"RGBA(0, 0, 0, 0)","RuleProviderType":"Unknown"},{"Property":"DisabledFill","Category":"Design","InvariantScript":"Self.Fill","RuleProviderType":"Unknown"},{"Property":"PressedFill","Category":"Design","InvariantScript":"Self.Fill","RuleProviderType":"Unknown"},{"Property":"HoverFill","Category":"Design","InvariantScript":"Self.Fill","RuleProviderType":"Unknown"},{"Property":"DisplayMode","Category":"Design","InvariantScript":"DisplayMode.Edit","RuleProviderType":"Unknown"},{"Property":"X","Category":"Design","InvariantScript":"250","RuleProviderType":"Unknown"},{"Property":"Y","Category":"Design","InvariantScript":"164","RuleProviderType":"Unknown"},{"Property":"Width","Category":"Design","InvariantScript":"134","RuleProviderType":"Unknown"},{"Property":"Height","Category":"Design","InvariantScript":"134","RuleProviderType":"Unknown"},{"Property":"BorderStyle","Category":"Design","InvariantScript":"BorderStyle.Solid","RuleProviderType":"Unknown"},{"Property":"BorderColor","Category":"Design","InvariantScript":"RGBA(255, 255, 255, 1)","RuleProviderType":"Unknown"},{"Property":"DisabledBorderColor","Category":"Design","InvariantScript":"RGBA(166, 166, 166, 1)","RuleProviderType":"Unknown"},{"Property":"PressedBorderColor","Category":"Design","InvariantScript":"ColorFade(Self.BorderColor, -20%)","RuleProviderType":"Unknown"},{"Property":"HoverBorderColor","Category":"Design","InvariantScript":"ColorFade(Self.BorderColor, 20%)","RuleProviderType":"Unknown"},{"Property":"FocusedBorderColor","Category":"Design","InvariantScript":"","RuleProviderType":"Unknown"},{"Property":"ZIndex","Category":"Design","InvariantScript":"1","RuleProviderType":"Unknown"},{"Property":"BorderThickness","Category":"Design","InvariantScript":"0","RuleProviderType":"Unknown"},{"Property":"FocusedBorderThickness","Category":"Design","InvariantScript":"2","RuleProviderType":"Unknown"}],"ControlPropertyState":["Icon",{"InvariantPropertyName":"Color","AutoRuleBindingEnabled":false,"AutoRuleBindingString":"","NameMapSourceSchema":"?","IsLockable":false,"AFDDataSourceName":""},{"InvariantPropertyName":"DisabledColor","AutoRuleBindingEnabled":false,"AutoRuleBindingString":"","NameMapSourceSchema":"?","IsLockable":false,"AFDDataSourceName":""},"PressedColor","HoverColor","Fill","DisabledFill","PressedFill","HoverFill","DisplayMode","X","Y","Width","Height","BorderStyle",{"InvariantPropertyName":"BorderColor","AutoRuleBindingEnabled":false,"AutoRuleBindingString":"","NameMapSourceSchema":"?","IsLockable":false,"AFDDataSourceName":""},"DisabledBorderColor","PressedBorderColor","HoverBorderColor",{"InvariantPropertyName":"FocusedBorderColor","AutoRuleBindingEnabled":false,"AutoRuleBindingString":"Self.BorderColor","NameMapSourceSchema":"?","IsLockable":false,"AFDDataSourceName":""},"ZIndex","BorderThickness","FocusedBorderThickness"],"IsLocked":false,"ControlUniqueId":"36","Children":[]},{"Type":"ControlInfo","Name":"TextInput3","HasDynamicProperties":false,"Template":{"Id":"http://microsoft.com/appmagic/text","Version":"2.3.2","LastModifiedTimestamp":"0","Name":"text","FirstParty":true,"IsPremiumPcfControl":false,"IsCustomGroupControlTemplate":false,"CustomGroupControlTemplateName":"","IsComponentDefinition":false,"OverridableProperties":{}},"Index":0.0,"PublishOrderIndex":31,"VariantName":"","LayoutName":"","MetaDataIDKey":"","PersistMetaDataIDKey":false,"IsFromScreenLayout":false,"StyleName":"defaultTextStyle","Parent":"precificar_section","IsDataControl":false,"AllowAccessToGlobals":true,"IsGroupControl":false,"IsAutoGenerated":false,"Rules":[{"Property":"Default","Category":"Data","InvariantScript":"\"Custo produto\"","RuleProviderType":"Unknown"},{"Property":"DelayOutput","Category":"Data","InvariantScript":"false","RuleProviderType":"Unknown"},{"Property":"HintText","Category":"Data","InvariantScript":"\"Informe o valor de custo:\"","RuleProviderType":"Unknown"},{"Property":"Mode","Category":"Design","InvariantScript":"TextMode.SingleLine","RuleProviderType":"Unknown"},{"Property":"Format","Category":"Design","InvariantScript":"TextFormat.Number","RuleProviderType":"Unknown"},{"Property":"VirtualKeyboardMode","Category":"Design","InvariantScript":"VirtualKeyboardMode.Auto","RuleProviderType":"Unknown"},{"Property":"BorderColor","Category":"Design","InvariantScript":"RGBA(0, 18, 107, 1)","RuleProviderType":"Unknown"},{"Property":"DisabledBorderColor","Category":"Design","InvariantScript":"RGBA(166, 166, 166, 1)","RuleProviderType":"Unknown"},{"Property":"PressedBorderColor","Category":"Design","InvariantScript":"Self.HoverBorderColor","RuleProviderType":"Unknown"},{"Property":"HoverBorderColor","Category":"Design","InvariantScript":"RGBA(0, 18, 107, 1)","RuleProviderType":"Unknown"},{"Property":"BorderStyle","Category":"Design","InvariantScript":"BorderStyle.Solid","RuleProviderType":"Unknown"},{"Property":"FocusedBorderColor","Category":"Design","InvariantScript":"Self.BorderColor","RuleProviderType":"Unknown"},{"Property":"Color","Category":"Design","InvariantScript":"RGBA(0, 0, 0, 1)","RuleProviderType":"Unknown"},{"Property":"DisabledColor","Category":"Design","InvariantScript":"RGBA(166, 166, 166, 1)","RuleProviderType":"Unknown"},{"Property":"PressedColor","Category":"Design","InvariantScript":"Self.Color","RuleProviderType":"Unknown"},{"Property":"HoverColor","Category":"Design","InvariantScript":"RGBA(0, 0, 0, 1)","RuleProviderType":"Unknown"},{"Property":"Fill","Category":"Design","InvariantScript":"RGBA(255, 255, 255, 1)","RuleProviderType":"Unknown"},{"Property":"DisabledFill","Category":"Design","InvariantScript":"RGBA(244, 244, 244, 1)","RuleProviderType":"Unknown"},{"Property":"PressedFill","Category":"Design","InvariantScript":"Self.Fill","RuleProviderType":"Unknown"},{"Property":"HoverFill","Category":"Design","InvariantScript":"RGBA(186, 202, 226, 1)","RuleProviderType":"Unknown"},{"Property":"Font","Category":"Design","InvariantScript":"Font.'Open Sans'","RuleProviderType":"Unknown"},{"Property":"FontWeight","Category":"Design","InvariantScript":"FontWeight.Normal","RuleProviderType":"Unknown"},{"Property":"Align","Category":"Design","InvariantScript":"Align.Left","RuleProviderType":"Unknown"},{"Property":"X","Category":"Design","InvariantScript":"40","RuleProviderType":"Unknown"},{"Property":"Y","Category":"Design","InvariantScript":"373","RuleProviderType":"Unknown"},{"Property":"Width","Category":"Design","InvariantScript":"448","RuleProviderType":"Unknown"},{"Property":"Height","Category":"Design","InvariantScript":"72","RuleProviderType":"Unknown"},{"Property":"DisplayMode","Category":"Design","InvariantScript":"DisplayMode.Edit","RuleProviderType":"Unknown"},{"Property":"ZIndex","Category":"Design","InvariantScript":"3","RuleProviderType":"Unknown"},{"Property":"RadiusTopLeft","Category":"Design","InvariantScript":"5","RuleProviderType":"Unknown"},{"Property":"RadiusTopRight","Category":"Design","InvariantScript":"5","RuleProviderType":"Unknown"},{"Property":"RadiusBottomLeft","Category":"Design","InvariantScript":"5","RuleProviderType":"Unknown"},{"Property":"RadiusBottomRight","Category":"Design","InvariantScript":"5","RuleProviderType":"Unknown"},{"Property":"BorderThickness","Category":"Design","InvariantScript":"2","RuleProviderType":"Unknown"},{"Property":"FocusedBorderThickness","Category":"Design","InvariantScript":"4","RuleProviderType":"Unknown"},{"Property":"Size","Category":"Design","InvariantScript":"21","RuleProviderType":"Unknown"},{"Property":"Italic","Category":"Design","InvariantScript":"false","RuleProviderType":"Unknown"},{"Property":"Underline","Category":"Design","InvariantScript":"false","RuleProviderType":"Unknown"},{"Property":"Strikethrough","Category":"Design","InvariantScript":"false","RuleProviderType":"Unknown"}],"ControlPropertyState":[{"InvariantPropertyName":"Default","AutoRuleBindingEnabled":false,"AutoRuleBindingString":"","NameMapSourceSchema":"?","IsLockable":false,"AFDDataSourceName":""},"Mode",{"InvariantPropertyName":"Format","AutoRuleBindingEnabled":false,"AutoRuleBindingString":"","NameMapSourceSchema":"?","IsLockable":false,"AFDDataSourceName":""},"VirtualKeyboardMode","DelayOutput","BorderColor","DisabledBorderColor","PressedBorderColor","HoverBorderColor","BorderStyle","FocusedBorderColor","Color","DisabledColor","PressedColor","HoverColor","Fill","DisabledFill","PressedFill","HoverFill","Font","FontWeight","Align","X","Y","Width","Height","DisplayMode","ZIndex","RadiusTopLeft","RadiusTopRight","RadiusBottomLeft","RadiusBottomRight","BorderThickness","FocusedBorderThickness","Size","Italic","Underline","Strikethrough",{"InvariantPropertyName":"HintText","AutoRuleBindingEnabled":false,"AutoRuleBindingString":"","NameMapSourceSchema":"?","IsLockable":false,"AFDDataSourceName":""}],"IsLocked":false,"ControlUniqueId":"37","Children":[]},{"Type":"ControlInfo","Name":"Icon9","HasDynamicProperties":false,"Template":{"Id":"http://microsoft.com/appmagic/icon","Version":"2.5.0","LastModifiedTimestamp":"0","Name":"icon","FirstParty":true,"IsPremiumPcfControl":false,"IsCustomGroupControlTemplate":false,"CustomGroupControlTemplateName":"","IsComponentDefinition":false,"OverridableProperties":{}},"Index":0.0,"PublishOrderIndex":32,"VariantName":"CheckBadge","LayoutName":"","MetaDataIDKey":"","PersistMetaDataIDKey":false,"IsFromScreenLayout":false,"StyleName":"defaultIconStyle","Parent":"precificar_section","IsDataControl":false,"AllowAccessToGlobals":true,"IsGroupControl":false,"IsAutoGenerated":false,"Rules":[{"Property":"Icon","Category":"Design","InvariantScript":"Icon.CheckBadge","RuleProviderType":"Unknown"},{"Property":"Color","Category":"Design","InvariantScript":"RGBA(109, 49, 162, 1)","RuleProviderType":"Unknown"},{"Property":"DisabledColor","Category":"Design","InvariantScript":"RGBA(244, 244, 244, 1)","RuleProviderType":"Unknown"},{"Property":"PressedColor","Category":"Design","InvariantScript":"ColorFade(Self.Color, -20%)","RuleProviderType":"Unknown"},{"Property":"HoverColor","Category":"Design","InvariantScript":"ColorFade(Self.Color, 20%)","RuleProviderType":"Unknown"},{"Property":"Fill","Category":"Design","InvariantScript":"RGBA(0, 0, 0, 0)","RuleProviderType":"Unknown"},{"Property":"DisabledFill","Category":"Design","InvariantScript":"Self.Fill","RuleProviderType":"Unknown"},{"Property":"PressedFill","Category":"Design","InvariantScript":"Self.Fill","RuleProviderType":"Unknown"},{"Property":"HoverFill","Category":"Design","InvariantScript":"Self.Fill","RuleProviderType":"Unknown"},{"Property":"DisplayMode","Category":"Design","InvariantScript":"DisplayMode.Edit","RuleProviderType":"Unknown"},{"Property":"X","Category":"Design","InvariantScript":"508","RuleProviderType":"Unknown"},{"Property":"Y","Category":"Design","InvariantScript":"373","RuleProviderType":"Unknown"},{"Property":"Width","Category":"Design","InvariantScript":"64","RuleProviderType":"Unknown"},{"Property":"Height","Category":"Design","InvariantScript":"64","RuleProviderType":"Unknown"},{"Property":"BorderStyle","Category":"Design","InvariantScript":"BorderStyle.Solid","RuleProviderType":"Unknown"},{"Property":"BorderColor","Category":"Design","InvariantScript":"RGBA(0, 18, 107, 1)","RuleProviderType":"Unknown"},{"Property":"DisabledBorderColor","Category":"Design","InvariantScript":"RGBA(166, 166, 166, 1)","RuleProviderType":"Unknown"},{"Property":"PressedBorderColor","Category":"Design","InvariantScript":"ColorFade(Self.BorderColor, -20%)","RuleProviderType":"Unknown"},{"Property":"HoverBorderColor","Category":"Design","InvariantScript":"ColorFade(Self.BorderColor, 20%)","RuleProviderType":"Unknown"},{"Property":"FocusedBorderColor","Category":"Design","InvariantScript":"Self.BorderColor","RuleProviderType":"Unknown"},{"Property":"ZIndex","Category":"Design","InvariantScript":"8","RuleProviderType":"Unknown"},{"Property":"BorderThickness","Category":"Design","InvariantScript":"0","RuleProviderType":"Unknown"},{"Property":"FocusedBorderThickness","Category":"Design","InvariantScript":"2","RuleProviderType":"Unknown"}],"ControlPropertyState":["Icon",{"InvariantPropertyName":"Color","AutoRuleBindingEnabled":false,"AutoRuleBindingString":"","NameMapSourceSchema":"?","IsLockable":false,"AFDDataSourceName":""},"DisabledColor","PressedColor","HoverColor",{"InvariantPropertyName":"Fill","AutoRuleBindingEnabled":false,"AutoRuleBindingString":"","NameMapSourceSchema":"?","IsLockable":false,"AFDDataSourceName":""},"DisabledFill","PressedFill","HoverFill","DisplayMode","X","Y","Width","Height","BorderStyle","BorderColor","DisabledBorderColor","PressedBorderColor","HoverBorderColor","FocusedBorderColor","ZIndex","BorderThickness","FocusedBorderThickness"],"IsLocked":false,"ControlUniqueId":"103","Children":[]},{"Type":"ControlInfo","Name":"Label3","HasDynamicProperties":false,"Template":{"Id":"http://microsoft.com/appmagic/label","Version":"2.5.1","LastModifiedTimestamp":"0","Name":"label","FirstParty":true,"IsPremiumPcfControl":false,"IsCustomGroupControlTemplate":false,"CustomGroupControlTemplateName":"","IsComponentDefinition":false,"OverridableProperties":{}},"Index":0.0,"PublishOrderIndex":33,"VariantName":"","LayoutName":"","MetaDataIDKey":"","PersistMetaDataIDKey":false,"IsFromScreenLayout":false,"StyleName":"defaultLabelStyle","Parent":"precificar_section","IsDataControl":false,"AllowAccessToGlobals":true,"IsGroupControl":false,"IsAutoGenerated":false,"Rules":[{"Property":"Live","Category":"Data","InvariantScript":"Live.Off","RuleProviderType":"Unknown"},{"Property":"Text","Category":"Data","InvariantScript":"\"Preço sugerido\"","RuleProviderType":"Unknown"},{"Property":"Role","Category":"Data","InvariantScript":"TextRole.Default","RuleProviderType":"Unknown"},{"Property":"Overflow","Category":"Design","InvariantScript":"Overflow.Hidden","RuleProviderType":"Unknown"},{"Property":"Color","Category":"Design","InvariantScript":"RGBA(109, 49, 162, 1)","RuleProviderType":"Unknown"},{"Property":"DisabledColor","Category":"Design","InvariantScript":"RGBA(166, 166, 166, 1)","RuleProviderType":"Unknown"},{"Property":"PressedColor","Category":"Design","InvariantScript":"Self.Color","RuleProviderType":"Unknown"},{"Property":"HoverColor","Category":"Design","InvariantScript":"Self.Color","RuleProviderType":"Unknown"},{"Property":"BorderColor","Category":"Design","InvariantScript":"RGBA(0, 18, 107, 1)","RuleProviderType":"Unknown"},{"Property":"DisabledBorderColor","Category":"Design","InvariantScript":"RGBA(56, 56, 56, 1)","RuleProviderType":"Unknown"},{"Property":"PressedBorderColor","Category":"Design","InvariantScript":"Self.BorderColor","RuleProviderType":"Unknown"},{"Property":"HoverBorderColor","Category":"Design","InvariantScript":"Self.BorderColor","RuleProviderType":"Unknown"},{"Property":"BorderStyle","Category":"Design","InvariantScript":"BorderStyle.Solid","RuleProviderType":"Unknown"},{"Property":"FocusedBorderColor","Category":"Design","InvariantScript":"Self.BorderColor","RuleProviderType":"Unknown"},{"Property":"Fill","Category":"Design","InvariantScript":"RGBA(0, 0, 0, 0)","RuleProviderType":"Unknown"},{"Property":"DisabledFill","Category":"Design","InvariantScript":"RGBA(0, 0, 0, 0)","RuleProviderType":"Unknown"},{"Property":"PressedFill","Category":"Design","InvariantScript":"Self.Fill","RuleProviderType":"Unknown"},{"Property":"HoverFill","Category":"Design","InvariantScript":"Self.Fill","RuleProviderType":"Unknown"},{"Property":"Font","Category":"Design","InvariantScript":"Font.'Open Sans'","RuleProviderType":"Unknown"},{"Property":"FontWeight","Category":"Design","InvariantScript":"FontWeight.Semibold","RuleProviderType":"Unknown"},{"Property":"Align","Category":"Design","InvariantScript":"Align.Center","RuleProviderType":"Unknown"},{"Property":"VerticalAlign","Category":"Design","InvariantScript":"VerticalAlign.Middle","RuleProviderType":"Unknown"},{"Property":"X","Category":"Design","InvariantScript":"53","RuleProviderType":"Unknown"},{"Property":"Y","Category":"Design","InvariantScript":"522","RuleProviderType":"Unknown"},{"Property":"Width","Category":"Design","InvariantScript":"560","RuleProviderType":"Unknown"},{"Property":"Height","Category":"Design","InvariantScript":"70","RuleProviderType":"Unknown"},{"Property":"DisplayMode","Category":"Design","InvariantScript":"DisplayMode.Edit","RuleProviderType":"Unknown"},{"Property":"ZIndex","Category":"Design","InvariantScript":"6","RuleProviderType":"Unknown"},{"Property":"LineHeight","Category":"Design","InvariantScript":"1.2","RuleProviderType":"Unknown"},{"Property":"BorderThickness","Category":"Design","InvariantScript":"0","RuleProviderType":"Unknown"},{"Property":"FocusedBorderThickness","Category":"Design","InvariantScript":"0","RuleProviderType":"Unknown"},{"Property":"Size","Category":"Design","InvariantScript":"42","RuleProviderType":"Unknown"},{"Property":"Italic","Category":"Design","InvariantScript":"true","RuleProviderType":"Unknown"},{"Property":"Underline","Category":"Design","InvariantScript":"false","RuleProviderType":"Unknown"},{"Property":"Strikethrough","Category":"Design","InvariantScript":"false","RuleProviderType":"Unknown"},{"Property":"PaddingTop","Category":"Design","InvariantScript":"5","RuleProviderType":"Unknown"},{"Property":"PaddingRight","Category":"Design","InvariantScript":"5","RuleProviderType":"Unknown"},{"Property":"PaddingBottom","Category":"Design","InvariantScript":"5","RuleProviderType":"Unknown"},{"Property":"PaddingLeft","Category":"Design","InvariantScript":"5","RuleProviderType":"Unknown"}],"ControlPropertyState":["Live","Overflow",{"InvariantPropertyName":"Text","AutoRuleBindingEnabled":false,"AutoRuleBindingString":"\"Texto\"","NameMapSourceSchema":"?","IsLockable":false,"AFDDataSourceName":""},"Role",{"InvariantPropertyName":"Color","AutoRuleBindingEnabled":false,"AutoRuleBindingString":"","NameMapSourceSchema":"?","IsLockable":false,"AFDDataSourceName":""},"DisabledColor","PressedColor","HoverColor","BorderColor","DisabledBorderColor","PressedBorderColor","HoverBorderColor","BorderStyle","FocusedBorderColor","Fill","DisabledFill","PressedFill","HoverFill","Font",{"InvariantPropertyName":"FontWeight","AutoRuleBindingEnabled":false,"AutoRuleBindingString":"","NameMapSourceSchema":"?","IsLockable":false,"AFDDataSourceName":""},{"InvariantPropertyName":"Align","AutoRuleBindingEnabled":false,"AutoRuleBindingString":"","NameMapSourceSchema":"?","IsLockable":false,"AFDDataSourceName":""},"VerticalAlign","X","Y","Width","Height","DisplayMode","ZIndex","LineHeight","BorderThickness","FocusedBorderThickness",{"InvariantPropertyName":"Size","AutoRuleBindingEnabled":false,"AutoRuleBindingString":"","NameMapSourceSchema":"?","IsLockable":false,"AFDDataSourceName":""},{"InvariantPropertyName":"Italic","AutoRuleBindingEnabled":false,"AutoRuleBindingString":"","NameMapSourceSchema":"?","IsLockable":false,"AFDDataSourceName":""},"Underline","Strikethrough","PaddingTop","PaddingRight","PaddingBottom","PaddingLeft"],"IsLocked":false,"ControlUniqueId":"38","Children":[]},{"Type":"ControlInfo","Name":"Circle1","HasDynamicProperties":false,"Template":{"Id":"http://microsoft.com/appmagic/shapes/circle","Version":"2.3.0","LastModifiedTimestamp":"0","Name":"circle","FirstParty":true,"IsPremiumPcfControl":false,"IsCustomGroupControlTemplate":false,"CustomGroupControlTemplateName":"","IsComponentDefinition":false,"OverridableProperties":{}},"Index":0.0,"PublishOrderIndex":34,"VariantName":"","LayoutName":"","MetaDataIDKey":"","PersistMetaDataIDKey":false,"IsFromScreenLayout":false,"StyleName":"defaultCircleStyle","Parent":"precificar_section","IsDataControl":false,"AllowAccessToGlobals":true,"IsGroupControl":false,"IsAutoGenerated":false,"Rules":[{"Property":"Fill","Category":"Design","InvariantScript":"RGBA(127, 178, 57, 1)","RuleProviderType":"Unknown"},{"Property":"DisabledFill","Category":"Design","InvariantScript":"Self.Fill","RuleProviderType":"Unknown"},{"Property":"PressedFill","Category":"Design","InvariantScript":"Self.Fill","RuleProviderType":"Unknown"},{"Property":"HoverFill","Category":"Design","InvariantScript":"Self.Fill","RuleProviderType":"Unknown"},{"Property":"BorderColor","Category":"Design","InvariantScript":"RGBA(0, 18, 107, 1)","RuleProviderType":"Unknown"},{"Property":"BorderStyle","Category":"Design","InvariantScript":"BorderStyle.Solid","RuleProviderType":"Unknown"},{"Property":"FocusedBorderColor","Category":"Design","InvariantScript":"Self.BorderColor","RuleProviderType":"Unknown"},{"Property":"DisplayMode","Category":"Design","InvariantScript":"DisplayMode.Edit","RuleProviderType":"Unknown"},{"Property":"X","Category":"Design","InvariantScript":"91","RuleProviderType":"Unknown"},{"Property":"Y","Category":"Design","InvariantScript":"637","RuleProviderType":"Unknown"},{"Property":"Width","Category":"Design","InvariantScript":"377","RuleProviderType":"Unknown"},{"Property":"Height","Category":"Design","InvariantScript":"377","RuleProviderType":"Unknown"},{"Property":"ZIndex","Category":"Design","InvariantScript":"4","RuleProviderType":"Unknown"},{"Property":"BorderThickness","Category":"Design","InvariantScript":"0","RuleProviderType":"Unknown"}],"ControlPropertyState":[{"InvariantPropertyName":"Fill","AutoRuleBindingEnabled":false,"AutoRuleBindingString":"","NameMapSourceSchema":"?","IsLockable":false,"AFDDataSourceName":""},"DisabledFill","PressedFill","HoverFill","BorderColor","BorderStyle","FocusedBorderColor","DisplayMode","X","Y","Width","Height","ZIndex","BorderThickness"],"IsLocked":false,"ControlUniqueId":"39","Children":[]},{"Type":"ControlInfo","Name":"Label2","HasDynamicProperties":false,"Template":{"Id":"http://microsoft.com/appmagic/label","Version":"2.5.1","LastModifiedTimestamp":"0","Name":"label","FirstParty":true,"IsPremiumPcfControl":false,"IsCustomGroupControlTemplate":false,"CustomGroupControlTemplateName":"","IsComponentDefinition":false,"OverridableProperties":{}},"Index":0.0,"PublishOrderIndex":35,"VariantName":"","LayoutName":"","MetaDataIDKey":"","PersistMetaDataIDKey":false,"IsFromScreenLayout":false,"StyleName":"defaultLabelStyle","Parent":"precificar_section","IsDataControl":false,"AllowAccessToGlobals":true,"IsGroupControl":false,"IsAutoGenerated":false,"Rules":[{"Property":"Live","Category":"Data","InvariantScript":"Live.Off","RuleProviderType":"Unknown"},{"Property":"Text","Category":"Data","InvariantScript":"\"R$ 00,00\"","RuleProviderType":"Unknown"},{"Property":"Role","Category":"Data","InvariantScript":"TextRole.Default","RuleProviderType":"Unknown"},{"Property":"Overflow","Category":"Design","InvariantScript":"Overflow.Hidden","RuleProviderType":"Unknown"},{"Property":"Color","Category":"Design","InvariantScript":"RGBA(255, 255, 255, 1)","RuleProviderType":"Unknown"},{"Property":"DisabledColor","Category":"Design","InvariantScript":"RGBA(166, 166, 166, 1)","RuleProviderType":"Unknown"},{"Property":"PressedColor","Category":"Design","InvariantScript":"Self.Color","RuleProviderType":"Unknown"},{"Property":"HoverColor","Category":"Design","InvariantScript":"Self.Color","RuleProviderType":"Unknown"},{"Property":"BorderColor","Category":"Design","InvariantScript":"RGBA(0, 18, 107, 1)","RuleProviderType":"Unknown"},{"Property":"DisabledBorderColor","Category":"Design","InvariantScript":"RGBA(56, 56, 56, 1)","RuleProviderType":"Unknown"},{"Property":"PressedBorderColor","Category":"Design","InvariantScript":"Self.BorderColor","RuleProviderType":"Unknown"},{"Property":"HoverBorderColor","Category":"Design","InvariantScript":"Self.BorderColor","RuleProviderType":"Unknown"},{"Property":"BorderStyle","Category":"Design","InvariantScript":"BorderStyle.Solid","RuleProviderType":"Unknown"},{"Property":"FocusedBorderColor","Category":"Design","InvariantScript":"Self.BorderColor","RuleProviderType":"Unknown"},{"Property":"Fill","Category":"Design","InvariantScript":"RGBA(0, 0, 0, 0)","RuleProviderType":"Unknown"},{"Property":"DisabledFill","Category":"Design","InvariantScript":"RGBA(0, 0, 0, 0)","RuleProviderType":"Unknown"},{"Property":"PressedFill","Category":"Design","InvariantScript":"Self.Fill","RuleProviderType":"Unknown"},{"Property":"HoverFill","Category":"Design","InvariantScript":"Self.Fill","RuleProviderType":"Unknown"},{"Property":"Font","Category":"Design","InvariantScript":"Font.'Open Sans'","RuleProviderType":"Unknown"},{"Property":"FontWeight","Category":"Design","InvariantScript":"FontWeight.Semibold","RuleProviderType":"Unknown"},{"Property":"Align","Category":"Design","InvariantScript":"Align.Left","RuleProviderType":"Unknown"},{"Property":"VerticalAlign","Category":"Design","InvariantScript":"VerticalAlign.Middle","RuleProviderType":"Unknown"},{"Property":"X","Category":"Design","InvariantScript":"145","RuleProviderType":"Unknown"},{"Property":"Y","Category":"Design","InvariantScript":"732","RuleProviderType":"Unknown"},{"Property":"Width","Category":"Design","InvariantScript":"317","RuleProviderType":"Unknown"},{"Property":"Height","Category":"Design","InvariantScript":"147","RuleProviderType":"Unknown"},{"Property":"DisplayMode","Category":"Design","InvariantScript":"DisplayMode.Edit","RuleProviderType":"Unknown"},{"Property":"ZIndex","Category":"Design","InvariantScript":"5","RuleProviderType":"Unknown"},{"Property":"LineHeight","Category":"Design","InvariantScript":"1.2","RuleProviderType":"Unknown"},{"Property":"BorderThickness","Category":"Design","InvariantScript":"0","RuleProviderType":"Unknown"},{"Property":"FocusedBorderThickness","Category":"Design","InvariantScript":"0","RuleProviderType":"Unknown"},{"Property":"Size","Category":"Design","InvariantScript":"50","RuleProviderType":"Unknown"},{"Property":"Italic","Category":"Design","InvariantScript":"true","RuleProviderType":"Unknown"},{"Property":"Underline","Category":"Design","InvariantScript":"false","RuleProviderType":"Unknown"},{"Property":"Strikethrough","Category":"Design","InvariantScript":"false","RuleProviderType":"Unknown"},{"Property":"PaddingTop","Category":"Design","InvariantScript":"5","RuleProviderType":"Unknown"},{"Property":"PaddingRight","Category":"Design","InvariantScript":"5","RuleProviderType":"Unknown"},{"Property":"PaddingBottom","Category":"Design","InvariantScript":"5","RuleProviderType":"Unknown"},{"Property":"PaddingLeft","Category":"Design","InvariantScript":"5","RuleProviderType":"Unknown"}],"ControlPropertyState":["Live","Overflow",{"InvariantPropertyName":"Text","AutoRuleBindingEnabled":false,"AutoRuleBindingString":"\"Texto\"","NameMapSourceSchema":"?","IsLockable":false,"AFDDataSourceName":""},"Role",{"InvariantPropertyName":"Color","AutoRuleBindingEnabled":false,"AutoRuleBindingString":"","NameMapSourceSchema":"?","IsLockable":false,"AFDDataSourceName":""},"DisabledColor","PressedColor","HoverColor","BorderColor","DisabledBorderColor","PressedBorderColor","HoverBorderColor","BorderStyle","FocusedBorderColor","Fill","DisabledFill","PressedFill","HoverFill","Font",{"InvariantPropertyName":"FontWeight","AutoRuleBindingEnabled":false,"AutoRuleBindingString":"","NameMapSourceSchema":"?","IsLockable":false,"AFDDataSourceName":""},"Align","VerticalAlign","X","Y","Width","Height","DisplayMode","ZIndex","LineHeight","BorderThickness","FocusedBorderThickness",{"InvariantPropertyName":"Size","AutoRuleBindingEnabled":false,"AutoRuleBindingString":"","NameMapSourceSchema":"?","IsLockable":false,"AFDDataSourceName":""},{"InvariantPropertyName":"Italic","AutoRuleBindingEnabled":false,"AutoRuleBindingString":"","NameMapSourceSchema":"?","IsLockable":false,"AFDDataSourceName":""},{"InvariantPropertyName":"Underline","AutoRuleBindingEnabled":false,"AutoRuleBindingString":"","NameMapSourceSchema":"?","IsLockable":false,"AFDDataSourceName":""},"Strikethrough","PaddingTop","PaddingRight","PaddingBottom","PaddingLeft"],"IsLocked":false,"ControlUniqueId":"40","Children":[]},{"Type":"ControlInfo","Name":"Label3_1","HasDynamicProperties":false,"Template":{"Id":"http://microsoft.com/appmagic/label","Version":"2.5.1","LastModifiedTimestamp":"0","Name":"label","FirstParty":true,"IsPremiumPcfControl":false,"IsCustomGroupControlTemplate":false,"CustomGroupControlTemplateName":"","IsComponentDefinition":false,"OverridableProperties":{}},"Index":0.0,"PublishOrderIndex":36,"VariantName":"","LayoutName":"","MetaDataIDKey":"","PersistMetaDataIDKey":false,"IsFromScreenLayout":false,"StyleName":"defaultLabelStyle","Parent":"precificar_section","IsDataControl":false,"AllowAccessToGlobals":true,"IsGroupControl":false,"IsAutoGenerated":false,"Rules":[{"Property":"Live","Category":"Data","InvariantScript":"Live.Off","RuleProviderType":"Unknown"},{"Property":"Text","Category":"Data","InvariantScript":"\"Aviso:  O preço sugerido é uma estimativa.\"","RuleProviderType":"Unknown"},{"Property":"Role","Category":"Data","InvariantScript":"TextRole.Default","RuleProviderType":"Unknown"},{"Property":"Overflow","Category":"Design","InvariantScript":"Overflow.Hidden","RuleProviderType":"Unknown"},{"Property":"Color","Category":"Design","InvariantScript":"RGBA(109, 49, 162, 1)","RuleProviderType":"Unknown"},{"Property":"DisabledColor","Category":"Design","InvariantScript":"RGBA(166, 166, 166, 1)","RuleProviderType":"Unknown"},{"Property":"PressedColor","Category":"Design","InvariantScript":"Self.Color","RuleProviderType":"Unknown"},{"Property":"HoverColor","Category":"Design","InvariantScript":"Self.Color","RuleProviderType":"Unknown"},{"Property":"BorderColor","Category":"Design","InvariantScript":"RGBA(0, 18, 107, 1)","RuleProviderType":"Unknown"},{"Property":"DisabledBorderColor","Category":"Design","InvariantScript":"RGBA(56, 56, 56, 1)","RuleProviderType":"Unknown"},{"Property":"PressedBorderColor","Category":"Design","InvariantScript":"Self.BorderColor","RuleProviderType":"Unknown"},{"Property":"HoverBorderColor","Category":"Design","InvariantScript":"Self.BorderColor","RuleProviderType":"Unknown"},{"Property":"BorderStyle","Category":"Design","InvariantScript":"BorderStyle.Solid","RuleProviderType":"Unknown"},{"Property":"FocusedBorderColor","Category":"Design","InvariantScript":"Self.BorderColor","RuleProviderType":"Unknown"},{"Property":"Fill","Category":"Design","InvariantScript":"RGBA(255, 255, 255, 1)","RuleProviderType":"Unknown"},{"Property":"DisabledFill","Category":"Design","InvariantScript":"RGBA(0, 0, 0, 0)","RuleProviderType":"Unknown"},{"Property":"PressedFill","Category":"Design","InvariantScript":"Self.Fill","RuleProviderType":"Unknown"},{"Property":"HoverFill","Category":"Design","InvariantScript":"Self.Fill","RuleProviderType":"Unknown"},{"Property":"Font","Category":"Design","InvariantScript":"Font.'Open Sans'","RuleProviderType":"Unknown"},{"Property":"FontWeight","Category":"Design","InvariantScript":"FontWeight.Bold","RuleProviderType":"Unknown"},{"Property":"Align","Category":"Design","InvariantScript":"Align.Center","RuleProviderType":"Unknown"},{"Property":"VerticalAlign","Category":"Design","InvariantScript":"VerticalAlign.Middle","RuleProviderType":"Unknown"},{"Property":"X","Category":"Design","InvariantScript":"0","RuleProviderType":"Unknown"},{"Property":"Y","Category":"Design","InvariantScript":"1054","RuleProviderType":"Unknown"},{"Property":"Width","Category":"Design","InvariantScript":"640","RuleProviderType":"Unknown"},{"Property":"Height","Category":"Design","InvariantScript":"81","RuleProviderType":"Unknown"},{"Property":"DisplayMode","Category":"Design","InvariantScript":"DisplayMode.Edit","RuleProviderType":"Unknown"},{"Property":"ZIndex","Category":"Design","InvariantScript":"7","RuleProviderType":"Unknown"},{"Property":"LineHeight","Category":"Design","InvariantScript":"1.2","RuleProviderType":"Unknown"},{"Property":"BorderThickness","Category":"Design","InvariantScript":"0","RuleProviderType":"Unknown"},{"Property":"FocusedBorderThickness","Category":"Design","InvariantScript":"0","RuleProviderType":"Unknown"},{"Property":"Size","Category":"Design","InvariantScript":"20","RuleProviderType":"Unknown"},{"Property":"Italic","Category":"Design","InvariantScript":"true","RuleProviderType":"Unknown"},{"Property":"Underline","Category":"Design","InvariantScript":"false","RuleProviderType":"Unknown"},{"Property":"Strikethrough","Category":"Design","InvariantScript":"false","RuleProviderType":"Unknown"},{"Property":"PaddingTop","Category":"Design","InvariantScript":"5","RuleProviderType":"Unknown"},{"Property":"PaddingRight","Category":"Design","InvariantScript":"5","RuleProviderType":"Unknown"},{"Property":"PaddingBottom","Category":"Design","InvariantScript":"5","RuleProviderType":"Unknown"},{"Property":"PaddingLeft","Category":"Design","InvariantScript":"5","RuleProviderType":"Unknown"}],"ControlPropertyState":["Live","Overflow",{"InvariantPropertyName":"Text","AutoRuleBindingEnabled":false,"AutoRuleBindingString":"","NameMapSourceSchema":"?","IsLockable":false,"AFDDataSourceName":""},"Role",{"InvariantPropertyName":"Color","AutoRuleBindingEnabled":false,"AutoRuleBindingString":"","NameMapSourceSchema":"?","IsLockable":false,"AFDDataSourceName":""},"DisabledColor","PressedColor","HoverColor","BorderColor","DisabledBorderColor","PressedBorderColor","HoverBorderColor","BorderStyle","FocusedBorderColor",{"InvariantPropertyName":"Fill","AutoRuleBindingEnabled":false,"AutoRuleBindingString":"","NameMapSourceSchema":"?","IsLockable":false,"AFDDataSourceName":""},"DisabledFill","PressedFill","HoverFill","Font",{"InvariantPropertyName":"FontWeight","AutoRuleBindingEnabled":false,"AutoRuleBindingString":"","NameMapSourceSchema":"?","IsLockable":false,"AFDDataSourceName":""},{"InvariantPropertyName":"Align","AutoRuleBindingEnabled":false,"AutoRuleBindingString":"","NameMapSourceSchema":"?","IsLockable":false,"AFDDataSourceName":""},"VerticalAlign","X","Y","Width","Height","DisplayMode","ZIndex","LineHeight","BorderThickness","FocusedBorderThickness",{"InvariantPropertyName":"Size","AutoRuleBindingEnabled":false,"AutoRuleBindingString":"","NameMapSourceSchema":"?","IsLockable":false,"AFDDataSourceName":""},{"InvariantPropertyName":"Italic","AutoRuleBindingEnabled":false,"AutoRuleBindingString":"","NameMapSourceSchema":"?","IsLockable":false,"AFDDataSourceName":""},"Underline","Strikethrough","PaddingTop","PaddingRight","PaddingBottom","PaddingLeft"],"IsLocked":false,"ControlUniqueId":"41","Children":[]}]}}