{"Author":"","Name":"facinhov2vivi.msapp","Id":"5aecd0c6-8006-4929-ac12-fa63f01fac96","FileID":"c39c2303-8045-43ea-97a2-b06d04f8ca3f","LocalConnectionReferences":"{\"2828ca19-9e15-4671-8c48-d86b2aa0b8b9\":{\"id\":\"2828ca19-9e15-4671-8c48-d86b2aa0b8b9\",\"connectionInstanceId\":\"/providers/microsoft.powerapps/apis/shared_excel/connections/99351ffcdf1043a8a02293edf37fa7d1\",\"dataSources\":[\"Tabela1\",\"Tabela1_1\"],\"datasets\":{\"1AoeArCutGP9s6xr6Cxg_m0A2Gs0ggZEO\":{\"dataSources\":{\"Tabela1\":{\"tableName\":\"Tabela1\"}}},\"1AgK8qyIiqerTSs_adybeudtNKa1CKlye\":{\"dataSources\":{\"Tabela1_1\":{\"tableName\":\"Tabela1\"}}}},\"dependencies\":{\"fileSource\":\"728e367c-5d6b-4201-aad1-85a1b25d7e0d\"},\"connectionParameters\":{\"sku\":\"Enterprise\"},\"dependents\":[],\"connectionRef\":{\"id\":\"/providers/microsoft.powerapps/apis/shared_excel\",\"displayName\":\"Excel\",\"iconUri\":\"https://connectoricons-prod.azureedge.net/releases/v1.0.1595/1.0.1595.2986/excel/icon.png\"}},\"728e367c-5d6b-4201-aad1-85a1b25d7e0d\":{\"id\":\"728e367c-5d6b-4201-aad1-85a1b25d7e0d\",\"connectionInstanceId\":\"/providers/microsoft.powerapps/apis/shared_googledrive/connections/6f0d157182974f75853e14f67d9245ec\",\"dataSources\":[],\"datasets\":{},\"dependencies\":{},\"connectionParameters\":{\"sku\":\"Enterprise\"},\"dependents\":[\"2828ca19-9e15-4671-8c48-d86b2aa0b8b9\"],\"connectionRef\":{\"id\":\"/providers/microsoft.powerapps/apis/shared_googledrive\",\"displayName\":\"Google Drive\",\"iconUri\":\"https://connectoricons-prod.azureedge.net/releases/v1.0.1574/1.0.1574.2782/googledrive/icon.png\"}}}","LocalDatabaseReferences":"{}","LibraryDependencies":"[]","AppPreviewFlagsMap":{"delayloadscreens":true,"errorhandling":false,"enableappembeddingux":false,"blockmovingcontrol":true,"projectionmapping":true,"usedisplaynamemetadata":true,"usenonblockingonstartrule":true,"longlivingcache":false,"useguiddatatypes":true,"useexperimentalcdsconnector":true,"useenforcesavedatalimits":true,"webbarcodescanner":false,"componentauthoring":true,"reliableconcurrent":true,"parallelcodegen":false,"datatablev2control":true,"nativecdsexperimental":true,"reactformulabar":false,"delaycontrolrendering":false,"useexperimentalsqlconnector":true,"disablecdsfileandlargeimage":false,"formuladataprefetch":true,"enablerulespanel":false,"enhanceddelegation":true,"generatedebugpublishedapp":false,"keeprecentscreensloaded":false,"aibuilderserviceenrollment":false,"dynamicschema":false,"enablerowscopeonetonexpand":false,"herocontrols":false,"classiccontrols":false,"enablepcfmoderndatasets":true,"improvedmediacapture":false,"optimizedforteamsmeeting":false,"behaviorpropertyui":false,"autocreateenvironmentvariables":false,"externalmessage":false,"enhancedgalleryinitialization":true,"backfromhostaction":false,"enableonstartnavigate":false,"enableexcelonlinebusinessv2connector":true,"enableonstart":true,"exportimportcomponents2":true,"copyandmerge":false,"allowmultiplescreensincanvaspages":false,"enablecomponentscopeoldbehavior":false,"enablecomponentnamemaps":false,"enableideaspanel":true,"enablesaveloadcleardataonweb":false,"enablepowerautomatepane":true,"rtlsupport":false,"improvedtabstopbehavior":true,"rtlinstudiopreview":false,"cdsdataformatting":false,"enablerpawarecomponentdependency":true,"enableeditcacherefreshfrequency":false,"formularepair":false,"dataverseactionsenabled":false,"expandedsavedatasupport":true,"reverttooldpowerautomate":false,"appinsightserrortracing":false,"appinstrumentationcorrelationtracing":false,"enablecommandbar":false,"excelcompatibility":false},"DocumentLayoutWidth":640,"DocumentLayoutHeight":1136,"DocumentLayoutOrientation":"portrait","DocumentLayoutScaleToFit":true,"DocumentLayoutMaintainAspectRatio":true,"DocumentLayoutLockOrientation":false,"OriginatingVersion":"1.326","DocumentAppType":"Phone","DocumentType":"App","AppCreationSource":"AppFromScratch","AppDescription":"","DefaultConnectedDataSourceMaxGetRowsCount":500,"ContainsThirdPartyPcfControls":false,"ErrorCount":0,"InstrumentationKey":"","EnableInstrumentation":false,"ControlCount":{"screen":9,"text":35,"dropdown":2,"button":10,"image":4,"icon":26,"label":9,"circle":1,"checkbox":2},"DeserializationLoadTime":1.3725931,"AnalysisLoadTime":0.4818542}