{"Resources":[{"Name":"SampleImage","Schema":"i","IsSampleData":true,"IsWritable":false,"Type":"ResourceInfo","FileName":"/ctrllib/image/images/SampleImage.svg","Path":"/ctrllib/image/images/SampleImage.svg","Content":"Image","ResourceKind":"Uri","RootPath":"ms-appx:///ctrllib/image/images/SampleImage.svg"},{"Name":"google-37","Schema":"i","IsSampleData":false,"IsWritable":false,"Type":"ResourceInfo","FileName":"cd258fe1-2381-45c7-9ab5-777a8ef92114.png","Path":"Assets\\Images\\cd258fe1-2381-45c7-9ab5-777a8ef92114.png","Content":"Image","ResourceKind":"LocalFile","RootPath":"https://docserverpwaprodsbr.blob.core.windows.net/254cdad9-0226-41d2-a8a0-31dfb213a6ce-1/resource/Assets0Images0cd258fe1-2381-45c7-9ab5-777a8ef92114.png?sv=2017-04-17&sr=b&sig=pJdZTE9FURfZifb2N7sbFr%2FgZCPbEhS6gvUSHsN997A%3D&spr=https&se=2022-08-29T07%3A15%3A14Z&sp=r"},{"Name":"Captura de tela 2022-08-28 005635","Schema":"i","IsSampleData":false,"IsWritable":false,"Type":"ResourceInfo","FileName":"0733555d-aef6-4fd2-b8e4-74aaedc57907.png","Path":"Assets\\Images\\0733555d-aef6-4fd2-b8e4-74aaedc57907.png","Content":"Image","ResourceKind":"LocalFile","RootPath":"https://docserverpwaprodsbr.blob.core.windows.net/254cdad9-0226-41d2-a8a0-31dfb213a6ce-1/resource/Assets0Images00733555d-aef6-4fd2-b8e4-74aaedc57907.png?sv=2017-04-17&sr=b&sig=Y%2FqBj2%2FA7cNu92zoyKS%2B%2B1bu283nRTfqWYC6r5fKg1E%3D&spr=https&se=2022-08-29T07%3A15%3A14Z&sp=r"},{"Name":"GF","Schema":"i","IsSampleData":false,"IsWritable":false,"Type":"ResourceInfo","FileName":"fc99537b-03b5-4ce0-a855-665e086144f5.png","Path":"Assets\\Images\\fc99537b-03b5-4ce0-a855-665e086144f5.png","Content":"Image","ResourceKind":"LocalFile","RootPath":"https://docserverpwaprodsbr.blob.core.windows.net/254cdad9-0226-41d2-a8a0-31dfb213a6ce-1/resource/Assets0Images0fc99537b-03b5-4ce0-a855-665e086144f5.png?sv=2017-04-17&sr=b&sig=TRJuf7Av2ZZTjI7Zo8gxmMTZQw6%2FUQWLw6rdHazJFh4%3D&spr=https&se=2022-08-29T07%3A15%3A14Z&sp=r"},{"Name":"gf2","Schema":"i","IsSampleData":false,"IsWritable":false,"Type":"ResourceInfo","FileName":"b7aaf467-3a1d-4704-b519-bd45565ee52d.png","Path":"Assets\\Images\\b7aaf467-3a1d-4704-b519-bd45565ee52d.png","Content":"Image","ResourceKind":"LocalFile","RootPath":"https://docserverpwaprodsbr.blob.core.windows.net/254cdad9-0226-41d2-a8a0-31dfb213a6ce-1/resource/Assets0Images0b7aaf467-3a1d-4704-b519-bd45565ee52d.png?sv=2017-04-17&sr=b&sig=iHbPJlB0SaShu0%2BivDbHPk7Bryh4v82UBgAiCDh3UT8%3D&spr=https&se=2022-08-29T07%3A15%3A14Z&sp=r"},{"Name":"aprender","Schema":"i","IsSampleData":false,"IsWritable":false,"Type":"ResourceInfo","FileName":"0f43a5d3-280b-4856-aaf5-1b75abde2331.png","Path":"Assets\\Images\\0f43a5d3-280b-4856-aaf5-1b75abde2331.png","Content":"Image","ResourceKind":"LocalFile","RootPath":"https://docserverpwaprodsbr.blob.core.windows.net/254cdad9-0226-41d2-a8a0-31dfb213a6ce-1/resource/Assets0Images00f43a5d3-280b-4856-aaf5-1b75abde2331.png?sv=2017-04-17&sr=b&sig=P%2Bnbvz1SBF4nGeSw1JeTVzcWO3L6loSAESxmEHDXbEg%3D&spr=https&se=2022-08-29T07%3A15%3A14Z&sp=r"},{"Name":"home_1","Schema":"i","IsSampleData":false,"IsWritable":false,"Type":"ResourceInfo","FileName":"b2a47ce1-f8d8-46ee-b15f-13de96ae786f.png","Path":"Assets\\Images\\b2a47ce1-f8d8-46ee-b15f-13de96ae786f.png","Content":"Image","ResourceKind":"LocalFile","RootPath":"https://docserverpwaprodsbr.blob.core.windows.net/254cdad9-0226-41d2-a8a0-31dfb213a6ce-1/resource/Assets0Images0b2a47ce1-f8d8-46ee-b15f-13de96ae786f.png?sv=2017-04-17&sr=b&sig=fiz6B%2FJKsumNNtz4JHOV%2BQypp%2FOYOnxn8Dz0K6aFq9A%3D&spr=https&se=2022-08-29T07%3A15%3A14Z&sp=r"},{"Name":"home_2","Schema":"i","IsSampleData":false,"IsWritable":false,"Type":"ResourceInfo","FileName":"695025ae-bccd-43fc-bd76-1f97e80cf1f5.png","Path":"Assets\\Images\\695025ae-bccd-43fc-bd76-1f97e80cf1f5.png","Content":"Image","ResourceKind":"LocalFile","RootPath":"https://docserverpwaprodsbr.blob.core.windows.net/254cdad9-0226-41d2-a8a0-31dfb213a6ce-1/resource/Assets0Images0695025ae-bccd-43fc-bd76-1f97e80cf1f5.png?sv=2017-04-17&sr=b&sig=ZUwXwjQbSRloRz8SauRsDJqTLLCscE%2FLAX8r8LDYcFw%3D&spr=https&se=2022-08-29T07%3A15%3A14Z&sp=r"},{"Name":"tell","Schema":"i","IsSampleData":false,"IsWritable":false,"Type":"ResourceInfo","FileName":"6a4e8fcd-e9e7-4331-b09e-4812874a5ceb.png","Path":"Assets\\Images\\6a4e8fcd-e9e7-4331-b09e-4812874a5ceb.png","Content":"Image","ResourceKind":"LocalFile","RootPath":"https://docserverpwaprodsbr.blob.core.windows.net/254cdad9-0226-41d2-a8a0-31dfb213a6ce-1/resource/Assets0Images06a4e8fcd-e9e7-4331-b09e-4812874a5ceb.png?sv=2017-04-17&sr=b&sig=s%2BObjaf7t5VR5h8YBPzTw776rYz1zTfZAG684kam%2Brs%3D&spr=https&se=2022-08-29T07%3A15%3A14Z&sp=r"},{"Name":"logo","Schema":"i","IsSampleData":false,"IsWritable":false,"Type":"ResourceInfo","FileName":"177cca72-1849-469c-8aa8-d283e66c8b11.png","Path":"Assets\\Images\\177cca72-1849-469c-8aa8-d283e66c8b11.png","Content":"Image","ResourceKind":"LocalFile","RootPath":"https://docserverpwaprodsbr.blob.core.windows.net/254cdad9-0226-41d2-a8a0-31dfb213a6ce-1/resource/Assets0Images0177cca72-1849-469c-8aa8-d283e66c8b11.png?sv=2017-04-17&sr=b&sig=60PXXwbJUkRzVtaZ08sxfDZp6ZpiDbsjtHKLbGgScGo%3D&spr=https&se=2022-08-29T07%3A15%3A14Z&sp=r"},{"Name":"Texto do seu parágrafo","Schema":"i","IsSampleData":false,"IsWritable":false,"Type":"ResourceInfo","FileName":"cdb25267-c0d9-4abd-978b-9bae7c82617e.png","Path":"Assets\\Images\\cdb25267-c0d9-4abd-978b-9bae7c82617e.png","Content":"Image","ResourceKind":"LocalFile","RootPath":"https://docserverpwaprodsbr.blob.core.windows.net/254cdad9-0226-41d2-a8a0-31dfb213a6ce-1/resource/053233ab-d72d-49a1-a829-e1b8ca4d910b.png?sv=2017-04-17&sr=b&sig=%2BAwnZurSFa36cm2IUxx%2FYJx5rRsXVY%2BjpGqC6xNnCAo%3D&spr=https&se=2022-08-29T08%3A11%3A29Z&sp=r"},{"Name":"Texto do seu parágrafo (1)","Schema":"i","IsSampleData":false,"IsWritable":false,"Type":"ResourceInfo","FileName":"766b3055-b4dc-4e30-a7ed-d612863fd19d.png","Path":"Assets\\Images\\766b3055-b4dc-4e30-a7ed-d612863fd19d.png","Content":"Image","ResourceKind":"LocalFile","RootPath":"https://docserverpwaprodsbr.blob.core.windows.net/254cdad9-0226-41d2-a8a0-31dfb213a6ce-1/resource/3085b7f1-58a8-438f-af7e-d7ae039b3227.png?sv=2017-04-17&sr=b&sig=GmeIDM4Ea3SjSf4Ep4qWuYBTw2y33tVdasrS%2B2fFk%2Fg%3D&spr=https&se=2022-08-29T08%3A33%3A19Z&sp=r"},{"Name":"Texto do seu parágrafo (2)","Schema":"i","IsSampleData":false,"IsWritable":false,"Type":"ResourceInfo","FileName":"d5a70a92-a9f8-4dd2-a62b-0fd4e4784037.png","Path":"Assets\\Images\\d5a70a92-a9f8-4dd2-a62b-0fd4e4784037.png","Content":"Image","ResourceKind":"LocalFile","RootPath":"https://docserverpwaprodsbr.blob.core.windows.net/254cdad9-0226-41d2-a8a0-31dfb213a6ce-1/resource/dee862ad-56ef-4130-b8ec-9cb37ae473c5.png?sv=2017-04-17&sr=b&sig=WJN9GG3OSFnc0nuVTkhZZ%2Fxx1XY96BcY8WNNq7JtLcI%3D&spr=https&se=2022-08-29T09%3A51%3A30Z&sp=r"},{"Name":"Texto do seu parágrafo (3)","Schema":"i","IsSampleData":false,"IsWritable":false,"Type":"ResourceInfo","FileName":"3171a107-3b17-49f6-a68b-d1f97ff242b2.png","Path":"Assets\\Images\\3171a107-3b17-49f6-a68b-d1f97ff242b2.png","Content":"Image","ResourceKind":"LocalFile","RootPath":"https://docserverpwaprodsbr.blob.core.windows.net/254cdad9-0226-41d2-a8a0-31dfb213a6ce-1/resource/b23757ae-f355-4449-a6eb-c648d548c317.png?sv=2017-04-17&sr=b&sig=jbDT19ManZ48AR0UwW1DXV8OP9Uq6kJeSqwtYKy7rRI%3D&spr=https&se=2022-08-29T09%3A51%3A43Z&sp=r"},{"Name":"Texto do seu parágrafo (2)_1","Schema":"i","IsSampleData":false,"IsWritable":false,"Type":"ResourceInfo","FileName":"0fc7e920-0ee3-4fe9-84f1-ce49cf4cd484.png","Path":"Assets\\Images\\0fc7e920-0ee3-4fe9-84f1-ce49cf4cd484.png","Content":"Image","ResourceKind":"LocalFile","RootPath":"https://docserverpwaprodsbr.blob.core.windows.net/254cdad9-0226-41d2-a8a0-31dfb213a6ce-1/resource/e0624256-f408-4e0d-be63-57cd81bf9907.png?sv=2017-04-17&sr=b&sig=UcFbLScjnDwlAEnqNjrbSGtwG9cL9iC6hqpVhINxlr4%3D&spr=https&se=2022-08-29T09%3A38%3A59Z&sp=r"},{"Name":"Texto do seu parágrafo (3)_1","Schema":"i","IsSampleData":false,"IsWritable":false,"Type":"ResourceInfo","FileName":"e39b9a76-1622-45ac-85e7-878a2258c7ec.png","Path":"Assets\\Images\\e39b9a76-1622-45ac-85e7-878a2258c7ec.png","Content":"Image","ResourceKind":"LocalFile","RootPath":"https://docserverpwaprodsbr.blob.core.windows.net/254cdad9-0226-41d2-a8a0-31dfb213a6ce-1/resource/f7826283-5445-4ee7-ba39-80259767be39.png?sv=2017-04-17&sr=b&sig=9Whb%2B00uBhVVZVp1oag3nlG%2Fc%2FOmJacGM5pQd7x1ju4%3D&spr=https&se=2022-08-29T09%3A39%3A13Z&sp=r"}]}