{"DataSources":[{"Name":"CustomGallerySample","Schema":"*[SampleHeading:s, SampleImage:i, SampleText:s]","IsSampleData":true,"IsWritable":false,"Type":"StaticDataSourceInfo","OriginalSchema":"*[SampleHeading:s, SampleImage:i, SampleText:s]","Data":"[{\"SampleHeading\":\"Lorem ipsum 1\",\"SampleImage\":\"/ctrllib/image/images/SampleImage.svg\",\"SampleText\":\"Lorem ipsum dolor sit amet, consectetur adipiscing elit.\"},{\"SampleHeading\":\"Lorem ipsum 2\",\"SampleImage\":\"/ctrllib/image/images/SampleImage.svg\",\"SampleText\":\"Suspendisse enim metus, tincidunt quis lobortis a, fringilla dignissim neque.\"},{\"SampleHeading\":\"Lorem ipsum 3\",\"SampleImage\":\"/ctrllib/image/images/SampleImage.svg\",\"SampleText\":\"Ut pharetra a dolor ac vehicula.\"},{\"SampleHeading\":\"Lorem ipsum 4\",\"SampleImage\":\"/ctrllib/image/images/SampleImage.svg\",\"SampleText\":\"Vestibulum dui felis, fringilla nec mi sed, tristique dictum nisi.\"}]","OriginalName":"CustomGallerySample","OrderedColumnNames":["SampleImage","SampleHeading","SampleText"]},{"Name":"DropDownSample","Schema":"*[Value:s]","IsSampleData":true,"IsWritable":false,"Type":"StaticDataSourceInfo","OriginalSchema":"*[Value:s]","Data":"[{\"Value\":\"1\"},{\"Value\":\"2\"},{\"Value\":\"3\"}]","OriginalName":"DropDownSample","OrderedColumnNames":["Value"]},{"Name":"Tabela1","IsSampleData":false,"IsWritable":true,"Type":"ConnectedDataSourceInfo","DatasetName":"1AoeArCutGP9s6xr6Cxg_m0A2Gs0ggZEO","TableName":"Tabela1","ApiId":"/providers/microsoft.powerapps/apis/shared_excel","EncodeDataset":true,"CdpRevision":{"RevisionNumber":1,"BaseUrl":"/","LastChangedTimeString":"2022-08-23T16:59:27.1730000Z"},"DataEntityMetadataJson":{"Tabela1":"{\"name\":\"Tabela1\",\"title\":\"Tabela1\",\"x-ms-permission\":\"read-write\",\"schema\":{\"type\":\"array\",\"items\":{\"type\":\"object\",\"properties\":{\"Coluna1\":{\"type\":\"string\",\"x-ms-keyOrder\":0,\"x-ms-keyType\":\"none\",\"x-ms-sort\":\"none\",\"title\":\"Coluna1\"},\"__PowerAppsId__\":{\"type\":\"string\",\"x-ms-keyOrder\":1,\"x-ms-keyType\":\"primary\",\"x-ms-sort\":\"none\",\"x-ms-permission\":\"read-only\",\"title\":\"Row id\"}}}}}"},"ConnectedDataSourceInfoNameMapping":{"Coluna1":"Coluna1","__PowerAppsId__":"Row id"}},{"Name":"ListboxSample","Schema":"*[Value:s]","IsSampleData":true,"IsWritable":false,"Type":"StaticDataSourceInfo","OriginalSchema":"*[Value:s]","Data":"[{\"Value\":\"1\"},{\"Value\":\"2\"},{\"Value\":\"3\"}]","OriginalName":"ListboxSample","OrderedColumnNames":["Value"]},{"Name":"LineChartSample","Schema":"*[Area:n, City:s, Density:n, Population:n]","IsSampleData":true,"IsWritable":false,"Type":"StaticDataSourceInfo","OriginalSchema":"*[Area:n, City:s, Density:n, Population:n]","Data":"[{\"Area\":31,\"City\":\"Cairo\",\"Density\":39,\"Population\":12},{\"Area\":15,\"City\":\"Delhi\",\"Density\":78,\"Population\":18},{\"Area\":11,\"City\":\"Mexico City\",\"Density\":60,\"Population\":8},{\"Area\":22,\"City\":\"Istanbul\",\"Density\":65,\"Population\":14},{\"Area\":16,\"City\":\"London\",\"Density\":54,\"Population\":8},{\"Area\":25,\"City\":\"Moscow\",\"Density\":48,\"Population\":12},{\"Area\":8,\"City\":\"New York City\",\"Density\":107,\"Population\":8},{\"Area\":6,\"City\":\"Seoul\",\"Density\":172,\"Population\":10},{\"Area\":6,\"City\":\"Shanghai\",\"Density\":38,\"Population\":24},{\"Area\":6,\"City\":\"Tokyo\",\"Density\":146,\"Population\":9}]","OriginalName":"LineChartSample","OrderedColumnNames":["City","Population","Area","Density"]},{"Name":"LegendSample","Schema":"*[Value:s]","IsSampleData":true,"IsWritable":false,"Type":"StaticDataSourceInfo","OriginalSchema":"*[Value:s]","Data":"[{\"Value\":\"Lorem ipsum\"},{\"Value\":\"Dolor sit\"},{\"Value\":\"Amet consectetur \"},{\"Value\":\"Adipisicing elit\"},{\"Value\":\"Sed do\"},{\"Value\":\"Eiusmod tempor \"},{\"Value\":\"Incididunt ut\"}]","OriginalName":"LegendSample","OrderedColumnNames":["Value"]},{"Name":"PieChartSample","Schema":"*[Area:n, City:s, Density:n, Population:n]","IsSampleData":true,"IsWritable":false,"Type":"StaticDataSourceInfo","OriginalSchema":"*[Area:n, City:s, Density:n, Population:n]","Data":"[{\"Area\":31,\"City\":\"Cairo\",\"Density\":39,\"Population\":12},{\"Area\":15,\"City\":\"Delhi\",\"Density\":78,\"Population\":18},{\"Area\":11,\"City\":\"Mexico City\",\"Density\":60,\"Population\":8},{\"Area\":22,\"City\":\"Istanbul\",\"Density\":65,\"Population\":14},{\"Area\":16,\"City\":\"London\",\"Density\":54,\"Population\":8},{\"Area\":25,\"City\":\"Moscow\",\"Density\":48,\"Population\":12},{\"Area\":8,\"City\":\"New York City\",\"Density\":107,\"Population\":8},{\"Area\":6,\"City\":\"Seoul\",\"Density\":172,\"Population\":10},{\"Area\":6,\"City\":\"Shanghai\",\"Density\":38,\"Population\":24},{\"Area\":6,\"City\":\"Tokyo\",\"Density\":146,\"Population\":9}]","OriginalName":"PieChartSample","OrderedColumnNames":["City","Population","Area","Density"]},{"Name":"Tabela1_1","IsSampleData":false,"IsWritable":true,"Type":"ConnectedDataSourceInfo","DatasetName":"1AgK8qyIiqerTSs_adybeudtNKa1CKlye","TableName":"Tabela1","ApiId":"/providers/microsoft.powerapps/apis/shared_excel","EncodeDataset":true,"CdpRevision":{"RevisionNumber":1,"BaseUrl":"/","LastChangedTimeString":"2022-08-23T16:59:27.1730000Z"},"DataEntityMetadataJson":{"Tabela1":"{\"name\":\"Tabela1\",\"title\":\"Tabela1\",\"x-ms-permission\":\"read-write\",\"schema\":{\"type\":\"array\",\"items\":{\"type\":\"object\",\"properties\":{\"Coluna1\":{\"type\":\"string\",\"x-ms-keyOrder\":0,\"x-ms-keyType\":\"none\",\"x-ms-sort\":\"none\",\"title\":\"Coluna1\"},\"__PowerAppsId__\":{\"type\":\"string\",\"x-ms-keyOrder\":1,\"x-ms-keyType\":\"primary\",\"x-ms-sort\":\"none\",\"x-ms-permission\":\"read-only\",\"title\":\"Row id\"}}}}}"},"ConnectedDataSourceInfoNameMapping":{"Coluna1":"Coluna1","__PowerAppsId__":"Row id"}}]}